annee,saison,zone,zone_publi,type,site,echantillon,lat,lon,Date,Heure,C_percent,N_percent,Corg_mg_g-1,Norg_mg_g-1,Corg_mol,Norg_mol,C/N_mol,X<63,63<X<125,125<X<250,250<X<500,500<X<750,750<X<1000,1000<X<2000,perte_au_feu_percent,Ctot_mg_g-1,Cminé_mg_g-1,Porosite_percent,eau_percent,a-HBCDD_ng_gdw,b-HBCDD_ng_gdw,g-HBCDD_ng_gdw,CB28_ng_gdw,CB31_ng_gdw,CB44_ng_gdw,CB49_ng_gdw,CB52_ng_gdw,CB101_ng_gdw,CB105_ng_gdw,CB110_ng_gdw,CB118_ng_gdw,CB128_ng_gdw,CB132_ng_gdw,CB138_ng_gdw,CB149_ng_gdw,CB153_ng_gdw,CB156_ng_gdw,CB170_ng_gdw,CB180_ng_gdw,CB187_ng_gdw,CB194_ng_gdw,PFPeA_ng_gdw,PFHxA_ng_gdw,PFHpA_ng_gdw,PFOA_ng_gdw,PFNA_ng_gdw,PFDA_ng_gdw,PFUnDA_ng_gdw,PFDoA_ng_gdw,PFTrDA_ng_gdw,PFTeDA_ng_gdw,FOSA_ng_gdw,MeFOSA_ng_gdw,EtFOSA_ng_gdw,FOSAA_ng_gdw,MeFOSAA_ng_gdw,EtFOSAA_ng_gdw,PFBS_ng_gdw,PFHxS_ng_gdw,PFHpS_ng_gdw,L-PFOS_ng_gdw,Br-PFOS_ng_gdw,PFDS_ng_gdw,PFECHS_ng_gdw,4:2 FTSA_ng_gdw,6:2 FTSA_ng_gdw,8:2 FTSA_ng_gdw,10:2 FTSA_ng_gdw,6:2 diPAP_ng_gdw,8:2 diPAP_ng_gdw,HFPO-DA_ng_gdw,NaDONA_ng_gdw,season,CB28_ng_gCorg,CB31_ng_gCorg,CB44_ng_gCorg,CB49_ng_gCorg,CB52_ng_gCorg,CB101_ng_gCorg,CB105_ng_gCorg,CB110_ng_gCorg,CB118_ng_gCorg,CB128_ng_gCorg,CB132_ng_gCorg,CB138_ng_gCorg,CB149_ng_gCorg,CB153_ng_gCorg,CB156_ng_gCorg,CB170_ng_gCorg,CB180_ng_gCorg,CB187_ng_gCorg,CB194_ng_gCorg,PFPeA_ng_gCorg,PFHxA_ng_gCorg,PFHpA_ng_gCorg,PFOA_ng_gCorg,PFNA_ng_gCorg,PFDA_ng_gCorg,PFUnDA_ng_gCorg,PFDoA_ng_gCorg,PFTrDA_ng_gCorg,PFTeDA_ng_gCorg,FOSA_ng_gCorg,MeFOSA_ng_gCorg,EtFOSA_ng_gCorg,FOSAA_ng_gCorg,MeFOSAA_ng_gCorg,EtFOSAA_ng_gCorg,PFBS_ng_gCorg,PFHxS_ng_gCorg,PFHpS_ng_gCorg,L-PFOS_ng_gCorg,Br-PFOS_ng_gCorg,PFDS_ng_gCorg,PFECHS_ng_gCorg,4:2 FTSA_ng_gCorg,6:2 FTSA_ng_gCorg,8:2 FTSA_ng_gCorg,10:2 FTSA_ng_gCorg,6:2 diPAP_ng_gCorg,8:2 diPAP_ng_gCorg,HFPO-DA_ng_gCorg,NaDONA_ng_gCorg,a-HBCDD_ng_gCorg,b-HBCDD_ng_gCorg,g-HBCDD_ng_gCorg,sum_PCB_ng_gCorg,sum_PFAS_ng_gCorg,sum_HBCDD_ng_gCorg,sum_PCB_ng_gdw,sum_PFAS_ng_gdw,sum_HBCDD_ng_gdw,CB28_normalised_sum_ng_gCorg,CB31_normalised_sum_ng_gCorg,CB44_normalised_sum_ng_gCorg,CB49_normalised_sum_ng_gCorg,CB52_normalised_sum_ng_gCorg,CB101_normalised_sum_ng_gCorg,CB105_normalised_sum_ng_gCorg,CB110_normalised_sum_ng_gCorg,CB118_normalised_sum_ng_gCorg,CB128_normalised_sum_ng_gCorg,CB132_normalised_sum_ng_gCorg,CB138_normalised_sum_ng_gCorg,CB149_normalised_sum_ng_gCorg,CB153_normalised_sum_ng_gCorg,CB156_normalised_sum_ng_gCorg,CB170_normalised_sum_ng_gCorg,CB180_normalised_sum_ng_gCorg,CB187_normalised_sum_ng_gCorg,CB194_normalised_sum_ng_gCorg,PFPeA_normalised_sum_ng_gCorg,PFHxA_normalised_sum_ng_gCorg,PFHpA_normalised_sum_ng_gCorg,PFOA_normalised_sum_ng_gCorg,PFNA_normalised_sum_ng_gCorg,PFDA_normalised_sum_ng_gCorg,PFUnDA_normalised_sum_ng_gCorg,PFDoA_normalised_sum_ng_gCorg,PFTrDA_normalised_sum_ng_gCorg,PFTeDA_normalised_sum_ng_gCorg,FOSA_normalised_sum_ng_gCorg,MeFOSA_normalised_sum_ng_gCorg,EtFOSA_normalised_sum_ng_gCorg,FOSAA_normalised_sum_ng_gCorg,MeFOSAA_normalised_sum_ng_gCorg,EtFOSAA_normalised_sum_ng_gCorg,PFBS_normalised_sum_ng_gCorg,PFHxS_normalised_sum_ng_gCorg,PFHpS_normalised_sum_ng_gCorg,L-PFOS_normalised_sum_ng_gCorg,Br-PFOS_normalised_sum_ng_gCorg,PFDS_normalised_sum_ng_gCorg,PFECHS_normalised_sum_ng_gCorg,4:2 FTSA_normalised_sum_ng_gCorg,6:2 FTSA_normalised_sum_ng_gCorg,8:2 FTSA_normalised_sum_ng_gCorg,10:2 FTSA_normalised_sum_ng_gCorg,6:2 diPAP_normalised_sum_ng_gCorg,8:2 diPAP_normalised_sum_ng_gCorg,HFPO-DA_normalised_sum_ng_gCorg,NaDONA_normalised_sum_ng_gCorg,a-HBCDD_normalised_sum_ng_gCorg,b-HBCDD_normalised_sum_ng_gCorg,g-HBCDD_normalised_sum_ng_gCorg,CB28_normalised_sum_ng_gdw,CB31_normalised_sum_ng_gdw,CB44_normalised_sum_ng_gdw,CB49_normalised_sum_ng_gdw,CB52_normalised_sum_ng_gdw,CB101_normalised_sum_ng_gdw,CB105_normalised_sum_ng_gdw,CB110_normalised_sum_ng_gdw,CB118_normalised_sum_ng_gdw,CB128_normalised_sum_ng_gdw,CB132_normalised_sum_ng_gdw,CB138_normalised_sum_ng_gdw,CB149_normalised_sum_ng_gdw,CB153_normalised_sum_ng_gdw,CB156_normalised_sum_ng_gdw,CB170_normalised_sum_ng_gdw,CB180_normalised_sum_ng_gdw,CB187_normalised_sum_ng_gdw,CB194_normalised_sum_ng_gdw,PFPeA_normalised_sum_ng_gdw,PFHxA_normalised_sum_ng_gdw,PFHpA_normalised_sum_ng_gdw,PFOA_normalised_sum_ng_gdw,PFNA_normalised_sum_ng_gdw,PFDA_normalised_sum_ng_gdw,PFUnDA_normalised_sum_ng_gdw,PFDoA_normalised_sum_ng_gdw,PFTrDA_normalised_sum_ng_gdw,PFTeDA_normalised_sum_ng_gdw,FOSA_normalised_sum_ng_gdw,MeFOSA_normalised_sum_ng_gdw,EtFOSA_normalised_sum_ng_gdw,FOSAA_normalised_sum_ng_gdw,MeFOSAA_normalised_sum_ng_gdw,EtFOSAA_normalised_sum_ng_gdw,PFBS_normalised_sum_ng_gdw,PFHxS_normalised_sum_ng_gdw,PFHpS_normalised_sum_ng_gdw,L-PFOS_normalised_sum_ng_gdw,Br-PFOS_normalised_sum_ng_gdw,PFDS_normalised_sum_ng_gdw,PFECHS_normalised_sum_ng_gdw,4:2 FTSA_normalised_sum_ng_gdw,6:2 FTSA_normalised_sum_ng_gdw,8:2 FTSA_normalised_sum_ng_gdw,10:2 FTSA_normalised_sum_ng_gdw,6:2 diPAP_normalised_sum_ng_gdw,8:2 diPAP_normalised_sum_ng_gdw,HFPO-DA_normalised_sum_ng_gdw,NaDONA_normalised_sum_ng_gdw,a-HBCDD_normalised_sum_ng_gdw,b-HBCDD_normalised_sum_ng_gdw,g-HBCDD_normalised_sum_ng_gdw
2017,juin,Embouchure,Northern sector,sediment,EM29,6EM29,N49°28.004',E0°05.372',2017-06-20T00:00:00Z,0.44305555555555554,0.638110479554108,0.0739515359664186,6.38110479554108,0.739515359664186,5.317587329617567e-4,5.2822525690299e-5,10.066893356813033,49.18333333333334,22.403333333333336,11.083333333333334,6.666666666666667,4.906666666666666,3.1466666666666665,2.58,4.467284329958295,44.672843299582944,37.55222314437768,58.379744335138255,36.13605858040853,0,0,0.47449165707047725,0.6250394958508325,0.26644520184859266,0.4145984360225623,0.5389605179691208,0.8568933082150487,1.297204113621914,0.37670883452815684,1.4321662531663428,1.2859632923876538,0.2897813152476317,0.3584248754915762,1.3600655493172973,1.4659635239047935,1.8507568413162439,0.10829910664129676,0.45629108822021663,0.6674826349311067,0.6807840898976986,0.18312240979691663,0,0.049446633352553025,0.11486868435631029,0.24025198604641274,0.3132419362132707,0.046353348181479015,0.6301982641990105,0.6592687382467884,0,0,0,0,0.013001548880170943,0,0,0.04079471496459433,0,0,0,0.18536298817047484,0.03189148040534684,0.022328746989858792,0,0,0.014199481445470752,0,0.04828473768904064,0,0.016770113772974115,0,0,Spring,97.9516111830025,41.75534024057659,64.97282983226839,84.46194432439503,134.28604225616533,203.2883262673198,59.0350490390613,224.4386041374993,201.52674710596284,45.41240498825877,56.16972091447746,213.13950999013045,229.73506483221587,290.0370548074208,16.971842668525497,71.50659687317138,104.60298903060222,106.6874956157137,28.697602635342545,0,7.748914167199513,18.001378763843057,37.65053133342889,49.08898164972225,7.264157174455012,98.76005556896256,103.3157673115579,0,0,0,0,2.0375075001520155,0,0,6.393048895404512,0,0,0,29.048729665120185,4.997799194213458,3.4991976633045483,0,0,2.2252387165609497,0,7.566830390057304,0,2.628089384254049,0,0,0,0,74.35885669861392,2274.6767767421097,380.2262273782362,74.35885669861392,14.514950888375003,2.4262634029137558,0.47449165707047725,0.0430617713182499,0.018356603745865112,0.028563543839105476,0.03713140486067874,0.05903521925805019,0.0893702034266504,0.025953159430243906,0.09866834990901431,0.0885957728880488,0.01996433315387357,0.024693495572116475,0.09370100937830739,0.10099679531667455,0.12750693099475188,0.00746121068367054,0.031435937450236866,0.045985869333232975,0.046902266162191245,0.012616123279037689,0,0.020379746606725146,0.04734386390956638,0.09902139469189065,0.12910467010180807,0.01910482931317853,0.2597402505606731,0.27172183261514693,0,0,0,0,0.005358671636623246,0,0,0.016813803033752645,0,0,0,0.07639854269238373,0.013144277891282382,0.009202936071592095,0,0,0.005852407215316468,0,0.019900863867894303,0,0.006911909792166216,0,0,0,0,1,0.0430617713182499,0.01835660374586511,0.028563543839105473,0.03713140486067874,0.05903521925805019,0.0893702034266504,0.025953159430243906,0.09866834990901431,0.08859577288804879,0.019964333153873567,0.024693495572116475,0.09370100937830739,0.10099679531667455,0.12750693099475188,0.00746121068367054,0.031435937450236866,0.045985869333232975,0.04690226616219124,0.012616123279037687,0,0.02037974660672515,0.04734386390956639,0.09902139469189065,0.12910467010180807,0.019104829313178532,0.2597402505606732,0.271721832615147,0,0,0,0,0.005358671636623247,0,0,0.01681380303375265,0,0,0,0.07639854269238375,0.013144277891282382,0.009202936071592097,0,0,0.005852407215316468,0,0.019900863867894303,0,0.006911909792166216,0,0,0,0,1
2017,juin,Embouchure,Southern sector,sediment,EM47,6EM47,N 49°25.128',E 0°02.602',2017-06-21T00:00:00Z,0.47916666666666669,0.790033662601402,0.0997290593398207,7.9003366260140195,0.9972905933982069,6.583613855011683e-4,7.123504238558622e-5,9.242100003781031,84.06,12.053333333333333,3.2466666666666666,0.6533333333333333,0,0,0,10.390328282656682,103.90328282656682,95.0056556071546,74.95331048580792,56.18826470222534,0.21267521334969147,0.1545218346993852,0.37673894936231067,0.47051998010782287,0.21019843400745908,0.4068221732140147,0.552153425102219,0.9068808378753725,1.6432221176858097,0.5312721928096344,2.1346417763402883,2.104943774563728,0.4850083313323299,0.6473011269213578,2.290143986441535,2.2923800994609387,2.9717881489219558,0.18411184747341547,0.8649369880392929,1.2005235885703796,1.0773182999116064,0.3809655231837324,0,0.0317828400271773,0.045423640417611655,0.12945706754466077,0.058025674886841024,0.10402204805787618,0.030646226279677325,0.04816433650082778,0,0,0,0,0,0,0.007836677862946059,0.057571125082536694,0,0.02141479822773424,0,0.651369630331391,0.05096029627077772,0.023291131972554766,0,0,0.04917104469899234,0,0,0,0,0,0,Spring,59.55695337822785,26.606262993316417,51.494283404892066,69.8898605515242,114.79015145876434,207.99393690074567,67.24677921447999,270.19630648539663,266.43722593194633,61.390843743962414,81.93336025580756,289.8792918393641,290.1623320597062,376.1596865551944,23.304304131443825,109.48102960464384,151.95853612329978,136.36359447827087,48.221429189396716,0,4.022972884791214,5.7495829061311,16.386272341660476,7.344709172995948,13.166786806951382,3.8791038572668213,6.096491678877774,0,0,0,0,0,0,0.9919422720725156,7.287173674722672,0,2.71061845101893,0,82.44833874376673,6.450395556940828,2.948118931522784,0,0,6.223917666632485,0,0,0,0,0,0,26.919766007109136,19.55889248954023,47.68644264116476,2703.066168300383,165.70642494535164,94.16510113781413,21.355132651962894,1.3091365381616047,0.7439359974113874,0.02203310968731324,0.009842993599392993,0.019050322929116573,0.02585577126122262,0.042466645028871555,0.0769474085910101,0.0248779626644371,0.09995919066061522,0.098568517876673,0.022711557883380768,0.03031126696662594,0.10724091597862459,0.107345626778405,0.139160369422889,0.008621433098730601,0.04050253408094802,0.05621709816258302,0.050447745629553974,0.01783952969960668,0,0.024277712141324338,0.034697404811112526,0.09888736871285775,0.04432362339250371,0.07945851714134597,0.02340949579080058,0.03679091912633042,0,0,0,0,0,0,0.0059861424950761475,0.04397640994986109,0,0.01635795625856309,0,0.4975566805629738,0.03892664728641696,0.01779121680100844,0,0,0.037559905529825244,0,0,0,0,0,0,0.28587837406674743,0.2077085061578712,0.5064131197753813,0.022033109687313236,0.009842993599392993,0.019050322929116573,0.02585577126122262,0.04246664502887155,0.0769474085910101,0.0248779626644371,0.09995919066061522,0.098568517876673,0.022711557883380768,0.030311266966625935,0.10724091597862459,0.10734562677840499,0.139160369422889,0.0086214330987306,0.04050253408094801,0.05621709816258301,0.050447745629553974,0.017839529699606678,0,0.024277712141324338,0.034697404811112526,0.09888736871285775,0.04432362339250371,0.07945851714134597,0.023409495790800577,0.036790919126330424,0,0,0,0,0,0,0.0059861424950761475,0.04397640994986109,0,0.01635795625856309,0,0.4975566805629738,0.03892664728641696,0.01779121680100844,0,0,0.03755990552982525,0,0,0,0,0,0,0.28587837406674743,0.2077085061578712,0.5064131197753813
2017,juin,Embouchure,Southern sector,sediment,EM52,6EM52,N49°27.309',E0°00.265',2017-06-20T00:00:00Z,0.32847222222222222,0.82709011643949,0.0911429116580805,8.270901164394902,0.9114291165808049,6.892417636995751e-4,6.510207975577179e-5,10.587092859171964,21.16333333333333,10.96,45.53666666666667,19.186666666666667,0.56,0.8833333333333334,1.6433333333333333,2.647360058776669,26.473600587766686,17.291270306790977,43.23292797006546,23.26697158334318,0.8181824710878178,0,4.5059324494691415,0.21275946094200457,0.09683076193343818,0.13934648969803173,0.20083697374864642,0.29013842894220315,0.49919342045851905,0.19161523183885498,0.6074132447695212,0.43705171002524734,0.11209380573469936,0.13481151519188214,0.6425744489979861,0.5056563202163017,0.7376492629978538,0.05136063733619223,0.17454039898119372,0.23392510458237067,0.3599498821091567,0.07702835788069706,0,0,0,0,0,0.015710355474625924,0,0,0,0,0,0,0,0,0,0,0,0,0,0.0927213752257296,0.017772081914865543,0.018349365318132638,0,0,0,0,0,0,0,0,0,Spring,25.72385483916855,11.707401649324668,16.847800128225366,24.28235687463201,35.07942159812155,60.355384562867044,23.167394704670436,73.4397900176044,52.84209076354282,13.552792314487794,16.299495364813122,77.69098387539454,61.136786689349286,89.18608121849323,6.209799429993524,21.10294821712612,28.282904115622404,43.5200318507845,9.313175958660178,0,0,0,0,0,1.8994732450989569,0,0,0,0,0,0,0,0,0,0,0,0,0,11.210552923166636,2.1487479491801844,2.218544866322928,0,0,0,0,0,0,0,0,0,98.92301392863713,0,544.7934100417697,689.7404941728815,17.477318983768704,643.7164239704068,5.7047754563848,0.1445531779333537,5.324114920556959,0.03729497551106654,0.01697363247225882,0.024426288249798644,0.03520506201937697,0.05085886923340329,0.08750448186349218,0.03358856686013797,0.10647452286482242,0.07661155348999721,0.019649117934912523,0.023631344690526027,0.11263799143554634,0.08863737478928636,0.1293038207441232,0.009003095341589521,0.03059548974637514,0.0410051379534248,0.06309624013444733,0.013502434665414694,0,0,0,0,0,0.10868218671656732,0,0,0,0,0,0,0,0,0,0,0,0,0,0.6414343603603017,0.12294494087884647,0.12693851204428463,0,0,0,0,0,0,0,0,0,0.1536748329621381,0,0.8463251670378619,0.037294975511066544,0.01697363247225882,0.024426288249798644,0.03520506201937697,0.0508588692334033,0.08750448186349218,0.033588566860137975,0.10647452286482242,0.07661155348999721,0.019649117934912527,0.023631344690526027,0.11263799143554636,0.08863737478928636,0.12930382074412322,0.009003095341589521,0.030595489746375142,0.04100513795342481,0.06309624013444733,0.013502434665414696,0,0,0,0,0,0.1086821867165673,0,0,0,0,0,0,0,0,0,0,0,0,0,0.6414343603603015,0.12294494087884646,0.12693851204428463,0,0,0,0,0,0,0,0,0,0.1536748329621381,0,0.8463251670378619
2017,juin,Fosse Nord,Northern sector,sediment,FN8,6FNprox8,N49°27.022,E0°10.719',2017-06-20T00:00:00Z,0.47916666666666669,0.863677501241653,0.0814882655981683,8.63677501241653,0.814882655981683,7.197312510347109e-4,5.820590399869164e-5,12.365261968113906,90.99333333333334,6.493333333333332,2.13,0.37999999999999995,0,0,0,8.222023930952874,82.22023930952874,72.76858164113052,68.46428009048557,47.68276666372432,0.998071410237684,0.33847639129799717,1.1341720570882772,1.162430413233769,0.4903531792392605,0.8658883908391245,1.0272709808274365,1.5330264302004266,2.279008899681675,0.7413156785419377,3.3626973368527033,2.4470475506460247,0.5016144705112833,0.7174509509567188,2.921777132829372,2.961550010034519,4.211327333185437,0.20669403256620178,1.1508555835244887,1.721131800563973,1.422892124732751,0.4857613373757833,0,0.06383305750706342,0.12516344803561363,0.1923778109494592,0.11731004747764523,0.07621859453933065,0.10818286245496235,0.13198410372251976,0.041674931586203355,0.04142204971978222,0,0,0.01466714825242594,0,0.015071759238699757,0.09376859606895756,0,0.024165391155203837,0,0.47656414219016907,0.0718690264368871,0.0271595124536301,0,0,0.04351319771957301,0,0.08193372472044835,0,0,0,0,Spring,134.59079477728878,56.77503217744025,100.25598554950118,118.94150065859024,177.49986864269292,263.8726719643955,85.83246379304732,389.34640904948566,283.328852161607,58.078909059243145,83.06931116363297,338.29492242520183,342.89998359073735,487.60414936490594,23.931853298140936,133.2506151740642,199.27945304695487,164.74808278404282,56.243370549474285,0,7.39084408419749,14.491919478702904,22.274264487947192,13.582621674061926,8.8248905904989,12.525840061763201,15.28164199400526,4.825288551142066,4.796008887603582,0,0,1.6982204852320377,0,1.745067946893611,10.856899240069648,0,2.797964647737474,0,55.178482883372986,8.321280377636985,3.144635864033118,0,0,5.038130280922788,0,9.486610986468625,0,0,0,0,115.56065878789497,39.19013645850351,131.31893044078973,3497.844229230447,202.2606125222898,286.0697256871882,30.210093636342886,1.7468794042285745,2.4707198586239585,0.03847821285252025,0.016231435266038475,0.028662221350994315,0.03400423028122047,0.05074550409059933,0.07543865726189,0.02453867530056681,0.11131039106768482,0.08100099192351444,0.016604201117332476,0.02374871655788653,0.09671526238880836,0.09803180505444578,0.1394013333384439,0.006841886524891399,0.03809506840256873,0.05697207765332589,0.047099891243667154,0.016079438323600894,0,0.03654119302829163,0.07164973594206754,0.11012655509234402,0.06715406180511332,0.04363128579730949,0.06192921056432978,0.07555421593673446,0.0238567879873809,0.023712025924350674,0,0,0.008396199655752987,0,0.008627818956601344,0.05367777297160702,0,0.013833462743168195,0,0.27280883902837055,0.04114137831318963,0.015547445569446048,0,0,0.024909102262149874,0,0.046902908421792545,0,0,0,0,0.4039597636915216,0.13699505029538558,0.45904518601309274,0.03847821285252025,0.016231435266038475,0.02866222135099431,0.03400423028122047,0.050745504090599323,0.07543865726189,0.024538675300566807,0.11131039106768482,0.08100099192351443,0.016604201117332476,0.02374871655788653,0.09671526238880836,0.09803180505444578,0.1394013333384439,0.006841886524891399,0.03809506840256873,0.05697207765332588,0.047099891243667154,0.016079438323600894,0,0.036541193028291626,0.07164973594206754,0.11012655509234401,0.06715406180511332,0.04363128579730948,0.06192921056432978,0.07555421593673446,0.023856787987380897,0.023712025924350677,0,0,0.008396199655752987,0,0.008627818956601344,0.05367777297160702,0,0.013833462743168195,0,0.27280883902837055,0.04114137831318963,0.015547445569446046,0,0,0.024909102262149874,0,0.046902908421792545,0,0,0,0,0.40395976369152164,0.13699505029538558,0.45904518601309274
2017,juin,Fosse Nord,Northern sector,sediment,FNR8,6FNproxR8,N49°26.564',E0°16.243',2017-06-22T00:00:00Z,13 à 15h,1.08242922576017,0.122053043312345,10.824292257601702,1.2205304331234499,9.020243548001417e-4,8.718074522310357e-5,10.346600645495496,86.04,9.996666666666666,3.366666666666667,0.61,0,0,0,8.316634689710721,83.16634689710722,71.12152420638206,59.44878858647696,40.00042505316486,0,0,0.18459121477488866,1.2660150504148673,0.5567643296689301,1.0602797325117939,0.9231525974070052,1.6078116624125258,2.5454668156616567,0.9155675571906643,3.753295418279075,2.8160179742873557,0.5833679407154662,0.7950869092524482,3.560443944962896,3.1142375290063073,4.572082339169044,0.2482929513929893,1.4461796190302354,2.1941157799872224,1.7314886988386446,0.5995807599388023,0,0,0,0,0.020858675205275096,0.06101278227403121,0.0362928841447955,0.0853547482240511,0.0386537732919697,0,0,0,0.015785552925223555,0,0.0209239587161321,0.11540581654716223,0,0,0,0.5525942955030819,0.07707608686362821,0.03152481390638486,0,0,0.05644910877324924,0,0.0823996604307857,0,0,0,0,Spring,116.9605384154117,51.436557367335006,97.95372365035496,85.2852616538224,148.53734767586207,235.16242494967946,84.58451928325181,346.74742042771476,260.15723774547183,53.89432646792935,73.4539395584107,328.9308769783504,287.70818958802926,422.39088065625305,22.938492927204337,133.60500479970042,202.70293223525402,159.96322508962672,55.39214441643774,0,0,0,0,1.9270243918835832,5.636653263051269,3.352910590464487,7.885480749478844,3.5710208457115398,0,0,0,1.4583450399851918,0,1.9330555955228934,10.661742477076489,0,0,0,51.05130962396226,7.120658333065526,2.912413408298872,0,0,5.2150392311890945,0,7.612475575289269,0,0,0,0,0,0,17.05342117358792,3167.8050438861,110.33812912497932,17.05342117358792,34.28924761012793,1.1943321568057703,0.18459121477488866,0.03692163400053513,0.016237286277010054,0.030921638892963683,0.026922509583859628,0.04688967459109924,0.07423513180002843,0.026701302040825048,0.1094598359507449,0.08212539412662982,0.017013144976186594,0.023187645243566247,0.10383558092161976,0.09082256818275776,0.13333866030407152,0.0072411315120152015,0.04217589243932786,0.06398844923442275,0.05049654977927306,0.01748597014306332,0,0,0,0,0.01746471874378851,0.05108527131782945,0.0303875968992248,0.07146650765255416,0.032364341085271316,0,0,0,0.013217054263565892,0,0.017519379844961238,0.09662790697674417,0,0,0,0.46268058040151067,0.06453488372093023,0.026395348837209294,0,0,0.047264162194394756,0,0.0689922480620155,0,0,0,0,0,0,1,0.03692163400053513,0.016237286277010054,0.030921638892963683,0.02692250958385963,0.04688967459109924,0.07423513180002843,0.026701302040825048,0.1094598359507449,0.08212539412662981,0.017013144976186594,0.023187645243566247,0.10383558092161978,0.09082256818275776,0.13333866030407152,0.0072411315120152015,0.04217589243932786,0.06398844923442275,0.05049654977927306,0.01748597014306332,0,0,0,0,0.01746471874378851,0.05108527131782945,0.030387596899224805,0.07146650765255416,0.03236434108527132,0,0,0,0.013217054263565894,0,0.01751937984496124,0.09662790697674419,0,0,0,0.4626805804015107,0.06453488372093025,0.026395348837209297,0,0,0.047264162194394756,0,0.0689922480620155,0,0,0,0,0,0,1
2017,juin,Fosse Nord,Northern sector,sediment,FN14,6FN14,N49°27.166,E0°08.645',2017-06-20T00:00:00Z,0.44305555555555554,0.373886650847084,0.0483075748902881,3.7388665084708403,0.483075748902881,3.115722090392367e-4,3.450541063592007e-5,9.029662400681318,60.676666666666655,20.83666666666667,16.686666666666667,1.7733333333333334,0.01,0,0,6.574960839532501,65.74960839532501,61.52766613795129,65.20499074359766,42.78247336589315,0.37647215712381604,0,0.40543155382564805,0.2940628718088502,0.12861656684993433,0.30777792611734345,0.34779135499674696,0.5575160839455967,1.1627443345692252,0.45524606190463596,1.774295983921131,1.548909433354428,0.3560957588752311,0.4392875573717799,1.7735005376773123,1.6726322815905348,2.4216561775033987,0.14848165360835197,0.6945311468058459,0.9838386737535526,0.836842924473629,0.29451992300502067,0,0.012253846565179825,0,0,0.0216062933474428,0.041321083239285863,0,0,0,0,0,0,0.013460281007288327,0,0.013064390389426908,0,0,0.019805084849115955,0,0.30896776681104476,0.05141629399475211,0.024743163616338843,0,0,0.06826767834543991,0,0,0,0,0,0,Spring,78.65027305538091,34.399882038724414,82.31851161843743,93.02053288310371,149.11366390922987,310.98845918539524,121.76044821959346,474.55451535946935,414.2724619467403,95.24163488277915,117.49217480124588,474.3417647191305,447.3634663877382,647.6979512418677,39.71301282673489,185.75981389875895,263.13821890258737,223.82262714586443,78.77251630614552,0,3.277422859954293,0,0,5.778835189352497,11.051767466334544,0,0,0,0,0,0,3.6000967075964017,0,3.4942115103141553,0,0,5.29708263299725,0,82.636747289865,13.751839997031846,6.617824830140446,0,0,18.258923711443423,0,0,0,0,0,0,100.69152141989403,0,108.43702306757818,4332.421929328927,153.76475219502984,209.1285444874722,16.19834725213255,0.5749058821653154,0.7819037109494641,0.01815388120971022,0.00794010431113592,0.01900057588139579,0.02147079264219129,0.03441808446674697,0.07178166491128576,0.02810447601959526,0.10953561843709339,0.09562144885803153,0.02198346246888554,0.027119282636316286,0.10948651180717385,0.10325944095131862,0.1495002014594163,0.009166469350063109,0.04287666735348012,0.060736978806527814,0.051662241304492144,0.018182097125140125,0,0.021314526334340424,0,0,0.0375823139364399,0.07187451811008591,0,0,0,0,0,0,0.023413016677776483,0,0.022724398540194826,0,0,0.03444926459009679,0,0.5374232137743209,0.08943428061841827,0.04303863359885384,0,0,0.11874583381947276,0,0,0,0,0,0,0.4814814814814815,0,0.5185185185185185,0.018153881209710218,0.007940104311135919,0.01900057588139579,0.021470792642191285,0.03441808446674697,0.07178166491128576,0.028104476019595256,0.10953561843709338,0.09562144885803152,0.021983462468885537,0.027119282636316286,0.10948651180717384,0.10325944095131859,0.1495002014594163,0.009166469350063107,0.04287666735348011,0.06073697880652781,0.05166224130449214,0.018182097125140125,0,0.02131452633434042,0,0,0.03758231393643989,0.0718745181100859,0,0,0,0,0,0,0.02341301667777648,0,0.02272439854019482,0,0,0.03444926459009679,0,0.5374232137743208,0.08943428061841825,0.043038633598853834,0,0,0.11874583381947273,0,0,0,0,0,0,0.48148148148148145,0,0.5185185185185185
2017,juin,Fosse Sud,Southern sector,sediment,FS19,6FS19,N49°24.839',E0°08.724',2017-06-21T00:00:00Z,0.31597222222222221,0.244947850560124,0.030429307384087,2.44947850560124,0.30429307384087,2.0412320880010336e-4,2.1735219560062142e-5,9.391357112176316,35.62666666666667,14.74,37.75333333333334,11.829999999999998,0.02666666666666667,0,0,3.3797800930042996,33.797800930042996,31.044029350600887,55.28491415921303,32.38018320235578,NA,NA,NA,0.16299486383210493,0.07092013457377837,0.15466900396840175,0.1465845582569683,0.21270386014638726,0.40960753802287103,0.2359583399368666,0.822992065493214,0.6810018311370832,0.19655301478827028,0.24412495384963914,0.8622548231150676,0.7594677686821887,1.039975622496968,0.06841694225273103,0.24098637513982268,0.36269849920985087,0.38836179721277037,0.09506625598390271,0,0.028885900692265553,0.07030709091246438,0.13975809377810106,0.4444427355084671,0.06544077364996499,0.46955091115583647,0.7142092655579092,0,0,0,0,0.01277722603559079,0,0,0,0,0,0,0.12737285760461864,0.02710909554319263,0.021327765131651546,0,0,0,0,0,0,0,0,0,Spring,66.54267978240406,28.95315652356401,63.14364613313366,59.843169850959036,86.83638564698397,167.22234430153952,96.33003081974347,335.9866451619282,278.0191087939051,80.24280039151644,99.66405228353581,352.01567237407613,310.0528406130155,424.5702177499612,27.931227849634737,98.38272701261,148.07172154418404,158.54876714561925,38.81081453318085,0,11.792673675728103,28.702881348700412,57.05626461245332,181.4438193648798,26.716206531439695,191.69423617399013,291.5760493201805,0,0,0,0,5.216304616012354,0,0,0,0,0,0,51.99998992167281,11.067292683402638,8.707063598590963,0,0,0,0,0,0,0,0,0,NA,NA,NA,2921.168008511495,865.9727818470508,0,7.155338248098887,2.1211817155700623,0,0.022779477109333205,0.0099114999339998,0.021615889927984328,0.020486041773904205,0.029726597509614712,0.0572450279526199,0.03297654586763369,0.11501791207590725,0.09517395370065415,0.027469423243617137,0.03411787750418383,0.12050511006159094,0.10614002334326723,0.14534262203094045,0.00956166429601128,0.033679242935000415,0.05068921784462346,0.05427581251186202,0.01328606037725205,0,0.013617834097020085,0.03314524653705565,0.06588690292408136,0.20952600724687284,0.030851092657272854,0.22136288829438916,0.33670348010046236,0,0,0,0,0.006023635760105985,0,0,0,0,0,0,0.060048065033592606,0.012780185376954904,0.01005466197219212,0,0,0,0,0,0,0,0,0,NA,NA,NA,0.0227794771093332,0.009911499933999802,0.021615889927984328,0.020486041773904205,0.029726597509614712,0.0572450279526199,0.03297654586763368,0.11501791207590725,0.09517395370065415,0.027469423243617137,0.03411787750418383,0.12050511006159094,0.10614002334326723,0.14534262203094045,0.009561664296011279,0.033679242935000415,0.05068921784462346,0.05427581251186201,0.01328606037725205,0,0.013617834097020085,0.03314524653705566,0.06588690292408136,0.20952600724687287,0.030851092657272858,0.22136288829438916,0.3367034801004624,0,0,0,0,0.006023635760105985,0,0,0,0,0,0,0.060048065033592606,0.012780185376954906,0.01005466197219212,0,0,0,0,0,0,0,0,0,NA,NA,NA
2017,juin,Fosse Sud,Southern sector,sediment,FS59,6FS59,N49°23.948',E0°03.895',2017-06-21T00:00:00Z,0.43541666666666662,0.320826665195078,0.0404846403358138,3.20826665195078,0.404846403358138,2.673555543292317e-4,2.8917600239867e-5,9.245426733600262,80.43,12.063333333333333,5.6000000000000005,1.9200000000000002,0,0,0,10.516246944861704,105.16246944861705,101.54935639330813,72.43459993098259,53.282060188793245,0.17188625744646613,0,0.35258719476198186,0.9477042310099778,0.41788966736410244,0.7092221467670949,0.7017785346454843,1.239818487503637,2.5464594833054996,0.790888916239721,2.9289593901405535,2.5837832342801983,0.5837404044449797,0.7633919797473593,2.845112843304256,2.742716474802576,3.482337679187689,0.22569934021433796,0.9383067321022571,1.3545743996142023,1.2144075639034055,0.3644461201849026,0,0.027918634624465675,0,0,0.06120598164157848,0.11854849513580692,0.030078756317180173,0.05749690970054739,0.03418474527476349,0,0.031081381527752843,0,0.013845776717432144,0,0.011315341662177302,0.06440673376488262,0,0.024478924680304853,0,0.5884970550705142,0.06106464972964039,0.025590814898426305,0,0,0.053512537447018366,0,0.0646454540531142,0,0.02086415319144085,0,0,Spring,295.39447116520944,130.25403206744224,221.06084802391777,218.74071290762856,386.4449629677034,793.7181536195347,246.51595457591486,912.9413817145172,805.351772337606,181.9488427154387,237.94530273323144,886.8068499151375,854.8904353492165,1085.4265112503228,70.34930842706042,292.46531971764927,422.2137828819671,378.52451047514626,113.5959568582935,0,8.702092953367764,0,0,19.077585587956754,36.95094828346757,9.375391630521372,17.921487188599645,10.655206995957622,0,9.687904684872086,0,4.315656464843172,0,3.5269330419580402,20.0752433485291,0,7.629953285030249,0,183.43146593275833,19.03353316736006,7.976523672951518,0,0,16.67957911618106,0,20.149651218612597,0,6.503247845298159,0,0,53.57605090024267,0,109.89959159024139,8534.589109702938,401.6924044182651,163.47564249048406,27.381237628762236,1.2887363454370462,0.524473452208448,0.03461144612449787,0.015261898422193165,0.02590175639183316,0.02562990556381246,0.04527985565565843,0.09300016010345008,0.028884337770362246,0.10696957638846351,0.09436327419934078,0.02131899267518126,0.02788011229066815,0.10390738657903642,0.10016773207948526,0.12717970335751794,0.008242846553336774,0.034268236696380225,0.04947089748022598,0.04435181420096761,0.013310067467588655,0,0.021663573564379993,0,0,0.047493020475667454,0.09198816775482797,0.02333972842752381,0.044614951618399956,0.026525786593820707,0,0.02411771937510794,0,0.010743684514256993,0,0.008780183551306577,0.04997665658528511,0,0.018994517200493305,0,0.45664658807379144,0.04738335342667136,0.01985729275738534,0,0,0.04152326240855012,0,0.05016189252518608,0,0.01618962114734588,0,0,0.32773109243697474,0,0.6722689075630252,0.03461144612449787,0.015261898422193164,0.02590175639183316,0.02562990556381246,0.04527985565565843,0.09300016010345008,0.028884337770362246,0.10696957638846351,0.09436327419934078,0.021318992675181263,0.02788011229066815,0.10390738657903642,0.10016773207948526,0.12717970335751794,0.008242846553336774,0.034268236696380225,0.04947089748022598,0.04435181420096761,0.013310067467588655,0,0.021663573564379993,0,0,0.047493020475667454,0.09198816775482796,0.023339728427523812,0.044614951618399956,0.026525786593820707,0,0.024117719375107937,0,0.010743684514256993,0,0.008780183551306575,0.04997665658528511,0,0.018994517200493305,0,0.45664658807379144,0.04738335342667136,0.019857292757385337,0,0,0.04152326240855012,0,0.05016189252518608,0,0.01618962114734588,0,0,0.32773109243697474,0,0.6722689075630253
2017,octobre,Embouchure,Northern sector,sediment,EM29,10EM29,N49°28.002',E0°05.365',2017-10-17T00:00:00Z,0.4861111111111111,0.353137244081452,0.0440145010494181,3.5313724408145197,0.44014501049418103,2.9428103673454333e-4,3.143892932101293e-5,9.360402631073503,76.43666666666667,20.97333333333333,1.8100000000000003,0.7533333333333333,0.013333333333333334,0,0,5.118563118014178,51.18563118014178,47.214113728833084,62.15555555555555,39.28652192783472,0.22018670983049057,0,0.9455486241771384,1.3297051162849354,0.5802716920464368,0.9673659175213055,1.2292840613585947,1.790046351783319,2.9178236676253015,0.625044963496571,3.3090982710145656,2.5115202521645177,0.9525704076351249,0.8844184465308,2.4033549112970443,2.696656226097783,3.7094165095338507,0.2765369276762367,0.7532155449436995,1.4814512366414945,1.3722562936347422,0.416706982414867,0,0.010327029348372147,0,0,0,0,0.026453286356109853,0,0,0,0,0,0.02030468466252756,0,0.03498506700069303,0.1033823028944185,0,0,0,0.24856222813886109,0.04394581985645637,0.026643940672189923,0,0,0.030525185911789966,0,0,0,0.028502820253970614,0,0,Autumn,376.5406052662731,164.3190294345152,273.9348323447243,348.1037704069122,506.8982050985368,826.2576991036092,176.9977463358135,937.057284802085,711.2023141872935,269.7450987116533,250.44609747444443,680.5724832418708,763.6283828153205,1050.4178111211245,78.3086271162191,213.29258172779092,419.5114679831941,388.5900783997249,118.00142562101223,0,2.9243670899776832,0,0,0,0,7.490936399222829,0,0,0,0,0,5.749799830754819,0,9.906932102755958,29.275389279124894,0,0,0,70.38686298450287,12.444402450600808,7.544925130028038,0,0,8.644000717395091,0,0,0,8.071315255378831,0,0,62.35159658767228,0,267.756698004656,8553.825541192118,162.43893123974183,330.1082945923283,30.20674377970119,0.5736323650953891,1.1657353340076289,0.044020140865977476,0.019210004768417874,0.032024832751796684,0.040695682736404996,0.05925982505225283,0.09659510766552955,0.020692232438393396,0.10954832785512836,0.08314435579290241,0.031535024582002386,0.02927884094296604,0.07956352160381117,0.08927331743416597,0.12280093930635991,0.009154807604984832,0.024935343923096313,0.04904372505178872,0.04542880568798325,0.013795163936037766,0,0.01800287078755549,0,0,0,0,0.046115400674281944,0,0,0,0,0,0.03539668592296235,0,0.060988656026888195,0.1802239712838154,0,0,0,0.4333127683573568,0.07660972868772604,0.04644776392238487,0,0,0.05321384874564033,0,0,0,0.04968830559138847,0,0,0.1888822474596533,0,0.8111177525403467,0.04402014086597748,0.019210004768417874,0.03202483275179669,0.040695682736404996,0.059259825052252836,0.09659510766552956,0.0206922324383934,0.10954832785512837,0.08314435579290243,0.03153502458200239,0.029278840942966046,0.07956352160381117,0.08927331743416599,0.12280093930635992,0.009154807604984832,0.024935343923096317,0.04904372505178873,0.045428805687983256,0.013795163936037767,0,0.018002870787555494,0,0,0,0,0.04611540067428195,0,0,0,0,0,0.035396685922962356,0,0.060988656026888195,0.1802239712838154,0,0,0,0.4333127683573569,0.07660972868772604,0.04644776392238488,0,0,0.053213848745640335,0,0,0,0.049688305591388475,0,0,0.18888224745965332,0,0.8111177525403468
2017,octobre,Embouchure,Southern sector,sediment,EM47,10EMprox47,N49°24.463',E0°02.572',2017-10-16T00:00:00Z,0.44791666666666669,0.338623696264003,0.0363632894485785,3.38623696264003,0.363632894485785,2.8218641355333586e-4,2.5973778177556075e-5,10.864280568822789,66.49666666666666,30.46666666666667,3.026666666666667,0,0,0,0,11.922986747346206,119.22986747346205,115.47999761633623,59.82222222222221,37.522615320712426,0,0,0.16516136899986167,0.6279457940298695,0.2722070982770929,0.35359345342752707,0.4470346403459116,0.5915798881667904,0.9896502964265165,0.33043414460971915,1.3303542995201392,1.0491875257189025,0.45450505090592064,0.450501454558224,1.2451046197033215,1.036939783386393,1.4837796020259786,0.14878383168562553,0.28811918466232683,0.6260415484568584,0.600762675407969,0.20058125084866935,0,0.043084666816918346,0.09678486464828587,0.24252507050659358,0.22949239976961408,0.037424936769088216,0.24856935366739288,0.2658578118348233,0,0,0,0,0.013156036360904514,0,0,0,0,0,0,0.18865850299251244,0.031594420654596445,0,0,0,0.019785640948588888,0,0,0,0,0,0,Autumn,185.44059407475746,80.38631120040418,104.42076479841302,132.01516765601295,174.70126712738195,292.25665756567435,97.58151843930645,392.8709993416846,309.83877894384534,134.22127745944053,133.03896317019618,367.6956555138994,306.2218606750893,438.17949493681374,43.93780864338224,85.08535812499635,184.87824548721903,177.41306412874107,59.23426300688925,0,12.72346480540689,28.58183456034009,71.62082074655297,67.77210286863495,11.05207260507558,73.40577650348469,78.51128399105039,0,0,0,0,3.8851493578428142,0,0,0,0,0,0,55.71331985149308,9.33024504875888,0,0,0,5.842958176548668,0,0,0,0,0,0,0,0,48.77430930619103,3699.418050294147,418.43902851518897,48.77430930619103,12.527106142163756,1.4169337049693185,0.16516136899986167,0.0501269636341891,0.02172944774219624,0.02822626785586191,0.03568538777214329,0.04722398624656415,0.07900071135308336,0.02637753211793611,0.10619805439681161,0.0837533835677775,0.036281727459476595,0.03596213278994463,0.09939283706653895,0.08277568431357496,0.11844552007361626,0.011876951468052838,0.022999660208240336,0.04997495362075098,0.04795701964924852,0.016011778663992688,0,0.030406974345953103,0.06830585249602882,0.1711619038039928,0.16196410528224633,0.026412623708389094,0.17542765253987325,0.1876289701504278,0,0,0,0,0.009284863727050228,0,0,0,0,0,0,0.13314561036332856,0.022297740920264562,0,0,0,0.013963702662445536,0,0,0,0,0,0,0,0,1,0.0501269636341891,0.02172944774219624,0.028226267855861905,0.03568538777214329,0.04722398624656414,0.07900071135308336,0.026377532117936107,0.1061980543968116,0.08375338356777749,0.036281727459476595,0.03596213278994463,0.09939283706653895,0.08277568431357496,0.11844552007361625,0.011876951468052836,0.022999660208240336,0.04997495362075098,0.04795701964924851,0.016011778663992685,0,0.0304069743459531,0.0683058524960288,0.1711619038039928,0.16196410528224633,0.02641262370838909,0.17542765253987325,0.1876289701504278,0,0,0,0,0.009284863727050228,0,0,0,0,0,0,0.13314561036332856,0.02229774092026456,0,0,0,0.013963702662445534,0,0,0,0,0,0,0,0,1
2017,octobre,Embouchure,Southern sector,sediment,EM52,10EM52,N49°27.064',E0°00.600',2017-10-16T00:00:00Z,0.3263888888888889,0.57878704265769,0.0659950391146728,5.7878704265769,0.659950391146728,4.82322535548075e-4,4.713931365333772e-5,10.231853163902057,64.95666666666668,20.720000000000002,11.473333333333334,2.7266666666666666,0.15,0,0,6.928255021880827,69.28255021880827,62.834729401084644,68.22222222222224,47.794003175888164,0,0,0.41363896393685756,0.9828913253042603,0.39200346802996494,0.3226290511294607,0.8054839370514704,0.8635053945970064,1.5310322870904618,0.4744147095216935,1.9554861379011557,1.6766397813648257,0.6803003124916026,0.60208576548437,1.9859817660971602,1.622217974506954,2.3761581211427236,0.20996137076140292,0.412128106211063,0.9220156686264079,0.9572205895616188,0.2868527328699346,0,0.00943444579131013,0,0,0,0.027706951220240406,0,0,0,0,0,0,0.013507138719867197,0,0.005411513910203204,0.037317799924761294,0,0.010742912534011674,0,0.26587576457849404,0.036322081365283906,0.02320457164695134,0,0,0.01345041112577403,0,0,0,0.012208375381418429,0,0,Autumn,169.81916540339142,67.72844572158229,55.7422726065193,139.16758283890175,149.192247053759,264.5242851429822,81.96705775292813,337.85934960152207,289.6816372505483,117.53896724566971,104.02543960205057,343.12823538306515,280.2789031105482,410.5410014418803,36.27610075673025,71.20548247221326,159.301366594641,165.38390098821623,49.5610149724079,0,1.6300374915078932,0,0,0,4.787071786025976,0,0,0,0,0,0,2.333697495687663,0,0.9349749582081983,6.447587311803735,0,1.8561079882994749,0,45.93671678578679,6.275551919493427,4.009172620796755,0,0,2.3238963788843767,0,0,0,2.1093035057176954,0,0,0,0,71.46652109513353,3292.922455939557,78.64411824221199,71.46652109513353,19.059008499743538,0.45518196619831564,0.41363896393685756,0.05157095791827189,0.020567883582991203,0.016927903208280855,0.04226263591111307,0.0453069421008247,0.08033116135663951,0.024891888238996136,0.10260167195620218,0.08797098660129078,0.03569442305987517,0.031590613199656836,0.10420173568440794,0.08511554913933655,0.12467375315849709,0.01101638475916668,0.0216237957088171,0.04837689582009551,0.05022404967050093,0.015050768925035873,0,0.0207267565323528,0,0,0,0.06087005478632895,0,0,0,0,0,0,0.02967415170833536,0,0.011888682575454872,0.0819843550403368,0,0.023601357988183466,0,0.584108739630199,0.0797968374464531,0.0509786708835505,0,0,0.029549525518578864,0,0,0,0.026820867890226193,0,0,0,0,1,0.05157095791827189,0.020567883582991206,0.016927903208280855,0.04226263591111307,0.045306942100824706,0.0803311613566395,0.024891888238996133,0.10260167195620219,0.08797098660129077,0.03569442305987517,0.031590613199656836,0.10420173568440792,0.08511554913933655,0.12467375315849709,0.01101638475916668,0.021623795708817103,0.04837689582009551,0.050224049670500925,0.015050768925035873,0,0.0207267565323528,0,0,0,0.06087005478632895,0,0,0,0,0,0,0.029674151708335362,0,0.011888682575454874,0.0819843550403368,0,0.02360135798818347,0,0.5841087396301992,0.0797968374464531,0.0509786708835505,0,0,0.029549525518578867,0,0,0,0.026820867890226193,0,0,0,0,1
2017,octobre,Fosse Nord,Northern sector,sediment,FN8,10FN8,N49°26.865',E0°10.668',2017-10-17T00:00:00Z,0.38194444444444442,0.687611058992329,0.0759358900973097,6.87611058992329,0.759358900973097,5.730092158269408e-4,5.423992149807836e-5,10.56434449019698,64.89666666666665,9.586666666666668,18.676666666666666,6.823333333333333,0,0,0,6.387273432455354,63.87273432455354,56.23726483365715,68.20000000000002,47.604127242155954,0,0,0.3442988375206356,1.7174388653789685,0.7804159475918927,1.2787680616340393,1.5174706109283664,2.2949147602072517,3.594489351935185,0.8041685213186667,4.090990395910253,2.9955308727398906,1.2775623761928294,1.3152435989931501,3.2854817467143778,3.279243736124065,4.604792555850727,0.3589677390692554,1.0076320348869532,1.9460843372548495,1.7850198949676979,0.5777941728110451,0,0.016352277035108397,0,0,0,0.032362932683689456,0,0.04958824215103438,0,0,0.03713534671999389,0,0.017647989405084108,0,0.023016955195926603,0.1126985689614808,0,0,0,0.3309059848148681,0.0558770143417311,0.032064656806420434,0,0,0.023742319028825502,0,0.09112328050568781,0,0.02923103597236467,0,0,Autumn,249.76894174678017,113.49671262349476,185.9725850698258,220.68734804122678,333.75186890832913,522.7503695479809,116.95107441947613,594.957038926259,435.643207532139,185.79724096716163,191.27726085740906,477.8110682991546,476.9038678536798,669.6798278083102,52.205056096001506,146.54098733717345,283.0210933644335,259.5973220069475,84.0292146635604,0,2.378128859514289,0,0,0,4.706575361239281,0,7.211670246215104,0,0,5.400632557366732,0,2.566565673179638,0,3.347380018823022,16.389871496051384,0,0,0,48.124005640601496,8.126253004658912,4.663196786481316,0,0,3.452870444465957,0,13.252154588558527,0,4.251100326280641,0,0,0,0,50.07174230519126,5600.842086069343,123.8704050034363,50.07174230519126,38.512009580509464,0.8517466036222152,0.3442988375206356,0.04459489089471319,0.020264222929224997,0.033204397162416854,0.03940252994993912,0.0595895873833778,0.0933342453714573,0.020880980506549525,0.10622635485582818,0.07778173368174218,0.03317309042318557,0.034151518274932645,0.08531057668767113,0.08514860096481844,0.11956770384117181,0.009320929834077661,0.02616409909175203,0.050531882351829885,0.04634969492402387,0.015002960871287819,0,0.019198523323212813,0,0,0,0.037995963290091084,0,0.05821947741282548,0,0,0.043599054650841844,0,0.02071976492777624,0,0.027023242708620852,0.13231466786272889,0,0,0,0.38850285214831165,0.06560286134879013,0.03764577008004417,0,0,0.027874861992823633,0,0.10698402566933479,0,0.0343189345845984,0,0,0,0,1,0.04459489089471319,0.020264222929224997,0.03320439716241686,0.03940252994993912,0.0595895873833778,0.0933342453714573,0.020880980506549525,0.10622635485582818,0.07778173368174218,0.03317309042318557,0.034151518274932645,0.08531057668767113,0.08514860096481844,0.11956770384117181,0.009320929834077661,0.026164099091752033,0.050531882351829885,0.04634969492402386,0.015002960871287819,0,0.019198523323212813,0,0,0,0.03799596329009109,0,0.05821947741282548,0,0,0.04359905465084185,0,0.020719764927776243,0,0.027023242708620852,0.13231466786272889,0,0,0,0.38850285214831165,0.06560286134879013,0.037645770080044175,0,0,0.027874861992823633,0,0.1069840256693348,0,0.03431893458459841,0,0,0,0,1
2017,octobre,Fosse Nord,Northern sector,sediment,FNR8,10FNproxR8,N49°26.553',E0°16.253',2017-10-18T00:00:00Z,0.64583333333333337,0.915413056674577,0.0928410608662469,9.15413056674577,0.9284106086624689,7.628442138954808e-4,6.631504347589063e-5,11.503335803026639,90.29,8.953333333333335,0.7366666666666667,0,0,0,0,10.113832409921768,101.13832409921768,91.05578292380945,70.26666666666668,51.201834327575156,0.40323686768026423,0,1.3283096817702822,2.1738624322568807,0.9412476293811307,1.4367241015457952,1.3987034389814208,2.2755444854626035,3.611907310597823,1.0828257668978232,4.661784453017956,3.592465536016168,1.5566770008120032,1.84940155837493,4.310970538682904,3.642676373414921,5.370865960039017,0.4231294355103389,1.2019328536716274,2.315051158056724,2.1499800535535987,0.6921843591844785,0,0.02811219523122918,0,0,0.027414678999975566,0.06434459949330792,0.02841131259317188,0.07117083954479177,0.03520827732838047,0,0,0,0.01363924256865189,0,0.01572364508744919,0.06964623198677061,0,0,0,0.41911051915573044,0.06262270176038841,0.029861331736683046,0,0,0.06410530560375376,0,0.07639788362374449,0,0,0,0,Autumn,237.4733915369173,102.8221765593341,156.94817668047975,152.79478796844933,248.5811698741745,394.5658502751541,118.28821524912553,509.25474779143207,392.4420249222275,170.05186778381196,202.02918724944288,470.93172937071444,397.9270720310326,586.7150267169854,46.222787890686426,131.2995095392119,252.8968907726328,234.86447324269503,75.6144293701663,0,3.0709847348422596,0,0,2.994787850149847,7.0290235674650186,3.1036604061975823,7.774724101416494,3.846162895718536,0,0,0,1.4899549956387117,0,1.717655759091804,7.608175509291361,0,0,0,45.78376024897811,6.840922936786376,3.2620609372953857,0,0,7.002883030380759,0,8.345727982215509,0,0,0,0,44.04971774655517,0,145.1049525768876,4881.723514824674,109.87048495546776,189.15467032344276,44.68793444545815,1.0057687647140285,1.7315465494505464,0.048645399686353626,0.02106267924578005,0.03215015684601231,0.0312993530879917,0.05092078015465041,0.08082511208939798,0.024230830543743694,0.10431863792468835,0.08039005562901529,0.03483439143314927,0.04138480736074598,0.09646833294442073,0.0815136438642253,0.12018604186313842,0.00946853867293353,0.02689613804232981,0.051804836960684685,0.0481109740298617,0.015489289620877266,0,0.027950952761216792,0,0,0.02725743725772833,0.06397553965757038,0.028248354482603266,0.07076262660138173,0.03500633402389592,0,0,0,0.013561012279527244,0,0.01563345933885699,0.06924676369977865,0,0,0,0.41670663661432816,0.06226351817377625,0.0296900567847457,0,0,0.0637376182804612,0,0.07595969004412936,0,0,0,0,0.23287671232876714,0,0.767123287671233,0.04864539968635362,0.02106267924578005,0.0321501568460123,0.03129935308799169,0.0509207801546504,0.08082511208939797,0.024230830543743694,0.10431863792468833,0.08039005562901527,0.034834391433149266,0.04138480736074598,0.09646833294442073,0.08151364386422529,0.1201860418631384,0.00946853867293353,0.026896138042329806,0.05180483696068468,0.04811097402986169,0.015489289620877266,0,0.027950952761216796,0,0,0.027257437257728334,0.0639755396575704,0.02824835448260327,0.07076262660138175,0.03500633402389593,0,0,0,0.013561012279527246,0,0.015633459338856993,0.06924676369977865,0,0,0,0.4167066366143282,0.062263518173776254,0.029690056784745702,0,0,0.0637376182804612,0,0.07595969004412936,0,0,0,0,0.2328767123287671,0,0.7671232876712328
2017,octobre,Fosse Nord,Northern sector,sediment,FN14,10FN14,N49°27.153',E0°08.635',2017-10-17T00:00:00Z,0.40277777777777773,0.357745157552011,0.0429841633276092,3.5774515755201097,0.42984163327609204,2.981209646266758e-4,3.0702973805435146e-5,9.709840047282372,59.76999999999999,8.393333333333333,19.69333333333333,11.956666666666669,0.21000000000000005,0,0,6.017014513754198,60.17014513754198,56.16285192874578,67.68888888888891,46.62918166245433,0.2122005636777264,0,1.1225102281502921,1.4583267095865737,0.6021419094786205,0.9418860679037017,1.1061704382047193,1.6145070015084548,2.568826570413736,0.6438024451805991,3.210580202893598,2.487004616425128,0.9835231360186912,0.8484555287757201,2.6946152705737147,2.6548988659342094,3.7229975965569024,0.3006413616684376,0.7878605080046593,1.4881362810215368,1.496686665053022,0.4400128820669667,0,0,0,0,0,0,0,0,0,0,0,0,0.016473778423692464,0,0.015596476614146714,0.06058256384807614,0,0,0,0.30684246180143243,0.044498697339737346,0,0,0,0.025765202133881577,0,0,0,0,0,0,Autumn,407.6440110512339,168.3158798288074,263.284085897589,309.20626453033066,451.3008680693963,718.0604729891461,179.96119069396477,897.4489619546636,695.1888974384101,274.92283690120985,237.1675788937456,753.2220111692096,742.1201405216018,1040.6842742562162,84.03785636839227,220.22953808679182,415.97663856712956,418.3667153720803,122.99618115809022,0,0,0,0,0,0,0,0,0,0,0,0,4.604892079160405,0,4.35966114003352,16.934558740817707,0,0,0,85.77124115420682,12.438658190158138,0,0,0,7.2021106617315125,0,0,0,0,0,0,59.31612467650957,0,313.7737029989275,8400.134403748008,131.3111219661081,373.08982767543705,30.05107405726899,0.4697591801609667,1.3347107918280186,0.04852827246065843,0.020037284136038048,0.03134284205977892,0.03680968061563011,0.053725434186866455,0.0854820218910734,0.02142360848579624,0.10683745269054694,0.08275925884331418,0.03272838548613503,0.028233783829449816,0.0896678523183074,0.08834622219740668,0.1238890027511797,0.01000434663651285,0.026217382663368916,0.049520236054976366,0.04980476445536534,0.014642168237595253,0,0,0,0,0,0,0,0,0,0,0,0,0.035068560912524575,0,0.03320100441422445,0.12896515152150312,0,0,0,0.653190985424256,0.09472661571933415,0,0,0,0.05484768200815773,0,0,0,0,0,0,0.15898617511520735,0,0.8410138248847927,0.048528272460658425,0.020037284136038048,0.03134284205977892,0.036809680615630114,0.05372543418686645,0.0854820218910734,0.021423608485796237,0.10683745269054694,0.08275925884331418,0.03272838548613503,0.028233783829449813,0.0896678523183074,0.08834622219740666,0.12388900275117969,0.01000434663651285,0.026217382663368913,0.049520236054976366,0.04980476445536533,0.014642168237595251,0,0,0,0,0,0,0,0,0,0,0,0,0.03506856091252457,0,0.03320100441422445,0.1289651515215031,0,0,0,0.653190985424256,0.09472661571933415,0,0,0,0.054847682008157726,0,0,0,0,0,0,0.15898617511520735,0,0.8410138248847926
2017,octobre,Fosse Sud,Southern sector,sediment,FS19,10FS19,N49°24.838',E0°08.791',2017-10-16T00:00:00Z,0.39583333333333331,0.253611831576624,0.0338256058004198,2.53611831576624,0.338256058004198,2.1134319298051998e-4,2.416114700029986e-5,8.747233439616796,34.89666666666667,13.660000000000002,38.696666666666665,12.75,0.02666666666666667,0,0,1.2694221863186366,12.694221863186364,9.819847489415926,55.533333333333324,33.57792322090081,0,0,0.25326035641432626,0.4598318502017215,0.19312842272148972,0.21738077689466828,0.4699782587918036,0.5809442935891881,0.9364992608126035,0.24732543994420592,1.0520138304390438,0.8860103492320276,0.3611075313616662,0.395913015433784,0.9375,0.4123,1.3092033194778325,0.10487954794462678,0.21780265529280168,0.4810818678598153,0.5428167547140369,0.13856534152046796,0,0.009005673187034052,0,0,0,0.024884705570746377,0,0,0,0,0,0,0.012719877382816457,0,0,0,0,0,0,0.1425249480006544,0.029186336831117033,0.021970697297592063,0,0,0.011993444576877238,0,0,0,0.013598705274720138,0,0,Autumn,181.31324841711577,76.15118802654901,85.71397302061233,185.31401152308172,229.0682930593744,369.26481504852745,97.52125459079035,414.81259919894467,349.3568670373079,142.3859167440161,156.10983642699904,369.65940988315134,162.5712796744782,516.223281594921,41.35435925549058,85.8803210949552,189.69220200377978,214.0344759704301,54.63678120182775,0,3.550967291647495,0,0,0,9.81212328149128,0,0,0,0,0,0,5.01549052492584,0,0,0,0,0,0,56.19806738298532,11.508270986284382,8.663119997599178,0,0,4.729055621071703,0,0,0,5.362015324829807,0,0,0,0,99.8614121588442,3921.064113772353,104.839110410835,99.8614121588442,9.944282516231784,0.2658843881215578,0.25326035641432626,0.04624082727448164,0.019421051484232413,0.021859875414826913,0.04726115313243271,0.058419930511922645,0.09417464349830981,0.02487111961476389,0.10579082288962227,0.0890974635712347,0.03631308048340744,0.0398131302874336,0.09427527812788343,0.04146101031693477,0.13165387420770228,0.010546718455900135,0.021902299631701764,0.04837773535441681,0.05458581389135031,0.013934171851442424,0,0.03387063546926574,0,0,0,0.09359220278615801,0,0,0,0,0,0,0.04783988060630754,0,0,0,0,0,0,0.5360410553157203,0.1097707805912002,0.08263252104725848,0,0,0.04510774273589182,0,0,0,0.05114518144819787,0,0,0,0,1,0.04624082727448163,0.019421051484232413,0.021859875414826913,0.04726115313243271,0.058419930511922645,0.09417464349830981,0.02487111961476389,0.10579082288962226,0.08909746357123471,0.03631308048340744,0.03981313028743359,0.09427527812788344,0.04146101031693476,0.1316538742077023,0.010546718455900134,0.021902299631701764,0.04837773535441681,0.05458581389135031,0.013934171851442424,0,0.033870635469265734,0,0,0,0.093592202786158,0,0,0,0,0,0,0.047839880606307526,0,0,0,0,0,0,0.5360410553157203,0.10977078059120018,0.08263252104725846,0,0,0.04510774273589181,0,0,0,0.051145181448197866,0,0,0,0,1
2017,octobre,Fosse Sud,Southern sector,sediment,FS59,10FS59,N49°24.754',E0°04.587',2017-10-16T00:00:00Z,0.43194444444444446,0.245113404337509,0.0325853844686129,2.45113404337509,0.325853844686129,2.0426117028125748e-4,2.3275274620437786e-5,8.775886584036169,35.99333333333333,19.026666666666667,24.189999999999998,13.463333333333333,1.2799999999999998,0.3166666666666667,0.17333333333333334,3.838279838757859,38.38279838757859,35.60581049951737,56.95555555555556,34.69768474520284,0,0,0.22271470155747122,0.5287418665502416,0.24441672283639843,0.3062317832143863,0.4865597741513564,0.7165539188521702,1.0969560989286944,0.3193713877203586,1.365668356111872,1.0805192048392305,0.43939602283412926,0.409462925307779,1.1837959875997137,1.0565470923998175,1.4593164461643982,0.13714479351134193,0.2844870653777789,0.5971704483456226,0.5865451954438196,0.1719512695888693,0,0,0,0,0,0,0,0,0,0,0,0,0.01368592834359469,0,0,0,0,0,0,0.09654476670870112,0.022049551220235886,0,0,0,0.012486956951759267,0,0.04039883292535173,0,0.01429419182553223,0,0,Autumn,215.71315855994163,99.71577176572879,124.93473543075612,198.50394370166217,292.33567245694616,447.5300328407337,130.2953580133872,557.1577612423899,440.8242004388341,179.26233941457676,167.0504011865336,482.9584864194883,431.04419166934036,595.3637868596496,55.95156816577047,116.06344669182366,243.63026981721023,239.29543838254392,70.1517202021726,0,0,0,0,0,0,0,0,0,0,0,0,5.58350873571559,0,0,0,0,0,0,39.38779560817644,8.995652963097339,0,0,0,5.0943590724909305,0,16.481690601353055,0,5.831664679525171,0,0,0,0,90.86190213033154,5087.782283259489,81.37467166035853,90.86190213033154,12.470836359777978,0.19946022797517493,0.22271470155747122,0.04239826835155865,0.019599064231546844,0.024555833657000873,0.039015809374313586,0.057458369124565055,0.08796171060881627,0.025609460224369787,0.1095089628885312,0.08664368400536589,0.035233885696015335,0.032833637896846624,0.09492514803720743,0.08472143021678037,0.11701833013149879,0.010997241047414686,0.022812188146043775,0.047885356772996275,0.047033348728365634,0.013788270860762909,0,0,0,0,0,0,0,0,0,0,0,0,0.06861482352912009,0,0,0,0,0,0,0.48403016324997483,0.11054610457469347,0,0,0,0.06260374350576502,0,0.20254079389892113,0,0.07166437124152542,0,0,0,0,1,0.04239826835155865,0.019599064231546844,0.024555833657000873,0.039015809374313586,0.057458369124565055,0.08796171060881627,0.025609460224369784,0.1095089628885312,0.08664368400536587,0.035233885696015335,0.032833637896846624,0.09492514803720743,0.08472143021678039,0.1170183301314988,0.010997241047414686,0.022812188146043775,0.047885356772996275,0.04703334872836564,0.01378827086076291,0,0,0,0,0,0,0,0,0,0,0,0,0.06861482352912009,0,0,0,0,0,0,0.48403016324997483,0.11054610457469347,0,0,0,0.06260374350576502,0,0.20254079389892113,0,0.07166437124152542,0,0,0,0,1
2018,octobre,Embouchure,Northern sector,sediment,EM29,1810EM29,N49°28.048',E0°05.372',2018-10-24T00:00:00Z,0.39930555555555558,0.473124,0.06389,4.73124,0.6389,3.9426999999999995e-4,4.563571428571429e-5,8.639505399906087,74.83,14.6,6.120000000000001,3.0300000000000002,1.3800000000000001,0.07,0,NA,NA,NA,66.88106902404056,45.2,0.17437557342539858,0,0.6475758137313748,3.093535251358724,1.1320684554660418,1.3453193408945618,2.0353570028187202,2.812700088802091,3.353711301602845,0.8809572795780827,4.513953536594999,3.545006137035578,0.6439316855072946,0.7763616726653036,3.5175536733463315,4.045054617582551,6.120912018681685,0.26023625599767086,0.9860684715507964,2.1955470870491065,1.4445686813015133,0.48672817232836474,0,0,0,0,0,0.0453010198670034,0.03444344749402121,0,0,0.04137615417812132,0,0,0,0,0.07350869944410915,0.15527062113119464,0.021458377831738453,0,0,0.3259569864246609,0.047098388266584905,0,0,0,0.0415802478283056,0,0.06232099818140792,0,0,0,0,Autumn,653.852954269647,239.27521230502828,284.3481499341741,430.19525596222564,594.4953307805335,708.8440454516882,186.2000827643668,954.074098248028,749.2763286232739,136.10209702050514,164.09264223867396,743.4739462268521,854.967115932092,1293.7225798483455,55.00381633518293,208.41649790558003,464.05320530116984,305.32559779286476,102.87539256693061,0,0,0,0,0,9.574872521157964,7.280004289366257,0,0,8.745308667098124,0,0,0,0,15.53687816388709,32.8181663012645,4.5354659310748255,0,0,68.89462095025003,9.954766248718077,0,0,0,8.788446121588759,0,13.172233533155774,0,0,0,0,36.856209667106,0,136.8723239005789,9128.594349507162,179.3007627275614,173.7285335676849,43.18957073016226,0.8483149406471475,0.8219513871567734,0.07162690434425398,0.026211616284378587,0.031149171389078713,0.0471261225432206,0.06512452060186345,0.07765095241524864,0.020397453938176085,0.10451489700597079,0.08208014289338271,0.014909425461309174,0.017975674671920662,0.08144451574485738,0.09365813434115958,0.1417219924903544,0.006025442059231441,0.022831170925766035,0.05083512176507474,0.03344716460200127,0.011269576522751795,0,0,0,0,0,0.05340118120806049,0.04060219364726218,0,0,0.048774520164123265,0,0,0,0,0.08665260497243174,0.18303417008398382,0.025295296361712866,0,0,0.3842405347429112,0.05551993252724669,0,0,0,0.04901510728619915,0,0.07346445900606864,0,0,0,0,0.2121482804823582,0,0.7878517195176417,0.07162690434425399,0.026211616284378587,0.031149171389078717,0.0471261225432206,0.06512452060186345,0.07765095241524864,0.020397453938176085,0.10451489700597079,0.08208014289338271,0.014909425461309174,0.017975674671920662,0.08144451574485738,0.09365813434115959,0.1417219924903544,0.006025442059231442,0.022831170925766035,0.050835121765074744,0.03344716460200127,0.011269576522751797,0,0,0,0,0,0.053401181208060484,0.04060219364726218,0,0,0.04877452016412326,0,0,0,0,0.08665260497243174,0.18303417008398382,0.025295296361712863,0,0,0.3842405347429112,0.055519932527246685,0,0,0,0.04901510728619915,0,0.07346445900606864,0,0,0,0,0.21214828048235823,0,0.7878517195176418
2018,octobre,Embouchure,Southern sector,sediment,EM47,1810EMprox47,N49°24.689',E0°02.680',2018-10-24T00:00:00Z,0.53125,0.52354,0.06198,5.235399999999999,0.6198,4.362833333333333e-4,4.427142857142857e-5,9.854738087555125,79.61,12.569999999999999,5.770000000000001,2.03,0.01,0,0,NA,NA,NA,70.06645605561566,50.22,0.24512361843286679,0,0.8289635096093313,2.084285784775484,0.8418777858109611,0.7797814686090025,1.1588603065806673,2.254974211289445,2.452538405456383,1.0707727640402909,3.839278717649513,3.03123699929005,0.640990646267885,1.0678781757335747,3.729551030610472,3.0725881938385524,4.147311702169667,0.2749492687086569,0.7970754360203881,2.0475097341775617,1.4075928687374362,0.9809409086060085,0,0,0,0,0.04745561980404623,0.07069451608527116,0.044876893114322365,0.050810794335928416,0.03557968816633527,0,0,0,0,0,0,0.07509280919528044,0.03761792155877859,0,0,0.380086374591644,0.05857239117231876,0.013516705655150483,0,0,0.051476621940501247,0,0.036509408661133974,0,0,0,0,Autumn,398.1139520906682,160.80486415765006,148.9440097430956,221.3508627002077,430.7167000209048,468.45291772479334,204.52549261571053,733.3305416299639,578.9886158249705,122.4339393872264,203.97260490766223,712.371744395934,586.8869988613196,792.1671127649591,52.51733749258069,152.24728502509612,391.08945528088816,268.86061594862593,187.36694590785967,0,0,0,0,9.064373267380951,13.503173794795273,8.571817456989413,9.705236340285063,6.795982764704755,0,0,0,0,0,0,14.343280206914553,7.1853003703210065,0,0,72.59929987997938,11.187758561393354,2.5817904372446203,0,0,9.832414321828562,0,6.973566233933219,0,0,0,0,46.82041838882737,0,158.33814218767074,6815.141996480116,172.34399363577015,205.1585605764981,35.679994408371996,0.902289744280711,1.0740871280421982,0.058416090566606835,0.023595233120704242,0.02185486521337665,0.03247927377221648,0.0631999597724246,0.06873707370539599,0.03001045212577285,0.1076031199362705,0.0849562072402903,0.017964987296003675,0.029929325759171267,0.10452779190277468,0.08611515345746794,0.11623633273878924,0.0077059784696642914,0.02233956168539537,0.05738537149818419,0.03945047896103809,0.027492742778452883,0,0,0,0,0.052594657209449926,0.07835012703333734,0.049736676493089715,0.05631316842289265,0.03943266383316676,0,0,0,0,0,0,0.08322471763783935,0.04169162045476525,0,0,0.42124647542640753,0.06491527975751471,0.014980449174811087,0,0,0.05705109945756668,0,0.04046306509915904,0,0,0,0,0.2282157676348548,0,0.7717842323651453,0.058416090566606835,0.023595233120704242,0.02185486521337665,0.03247927377221648,0.0631999597724246,0.06873707370539599,0.030010452125772854,0.1076031199362705,0.0849562072402903,0.017964987296003675,0.029929325759171264,0.10452779190277468,0.08611515345746794,0.11623633273878924,0.007705978469664291,0.02233956168539537,0.05738537149818419,0.039450478961038093,0.027492742778452883,0,0,0,0,0.05259465720944993,0.07835012703333734,0.049736676493089715,0.05631316842289265,0.03943266383316676,0,0,0,0,0,0,0.08322471763783935,0.041691620454765245,0,0,0.4212464754264075,0.06491527975751471,0.014980449174811087,0,0,0.05705109945756668,0,0.04046306509915904,0,0,0,0,0.22821576763485474,0,0.7717842323651452
2018,octobre,Embouchure,Southern sector,sediment,EM52,1810EM52,N49°27.016',E0°00.654',2018-10-24T00:00:00Z,0.55208333333333337,0.610147,0.07089,6.101470000000001,0.7089,5.084558333333334e-4,5.063571428571428e-5,10.041446842525982,30.91,13.16,38.56999999999999,16.569999999999997,0.59,0.1,0.08,NA,NA,NA,58.98171501117424,40.16,0,0,0.2435390767098642,0.39411717635625854,0.16516584151590766,0.126216039505913,0.18764592406959163,0.2881581951578989,0.43912148432364834,0.19116445878561591,0.6076576302237618,0.517003480986895,0.11062324646048838,0.1364666285329188,0.6324379987090737,0.5816760896899648,0.8075722248128938,0.04513555696595609,0.15587068257917921,0.27932799100339084,0.23632023531523955,0.0642672164572372,0,0,0,0,0.023707799606135425,0.05424989100016535,0.038086635187374776,0,0,0.05166656285730033,0,0,0,0,0,0,0.02066662514292013,0,0,0.21725319240636495,0.02764859309660937,0,0,0,0.015554568450320055,0,0.009251107538638234,0,0,0,0,Autumn,64.59380712455497,27.06984407297055,20.686168989753778,30.75421563485383,47.22766729294725,71.96978503928533,31.330885636677042,99.59200491418653,84.73424944921386,18.13058926135642,22.36618856323456,103.6533816783617,95.3337621409209,132.35699344795495,7.397488960194196,25.54641464748318,45.78044159905576,38.73168848084798,10.533070957857234,0,0,0,0,3.8855881625469633,8.891282100897872,6.242206417039626,0,0,8.46788771514083,0,0,0,0,0,0,3.3871550860563318,0,0,35.606696813450675,4.531464236751039,0,0,0,2.549314911049313,0,1.5162096246704864,0,0,0,0,0,0,39.914819987620056,977.7886478917101,75.07780506760314,39.914819987620056,5.965948101451833,0.45808497528582864,0.2435390767098642,0.06606111378346533,0.027684760025940218,0.02115607399856494,0.03145282541494576,0.048300486403456085,0.07360464369725017,0.03204259499661008,0.10185432724027323,0.08665906444293078,0.018542441968874626,0.022874256733763604,0.10600796184518732,0.09749935463709648,0.1353636020763185,0.0075655296020714965,0.026126724525352068,0.046820385671041194,0.03961151376052538,0.010772339176332685,0,0,0,0,0.05175415236298158,0.11842757114292028,0.08314316609840801,0,0,0.1127881629932574,0,0,0,0,0,0,0.04511526519730296,0,0,0.4742639556575867,0.060356908845040455,0,0,0,0.033955639869250376,0,0.02019517783325217,0,0,0,0,0,0,1,0.06606111378346534,0.02768476002594022,0.021156073998564943,0.03145282541494576,0.04830048640345609,0.07360464369725019,0.03204259499661008,0.10185432724027324,0.08665906444293078,0.01854244196887463,0.022874256733763608,0.10600796184518733,0.0974993546370965,0.1353636020763185,0.007565529602071498,0.026126724525352068,0.0468203856710412,0.03961151376052538,0.010772339176332687,0,0,0,0,0.05175415236298157,0.11842757114292028,0.08314316609840801,0,0,0.11278816299325739,0,0,0,0,0,0,0.04511526519730296,0,0,0.4742639556575867,0.060356908845040455,0,0,0,0.033955639869250376,0,0.02019517783325217,0,0,0,0,0,0,1
2018,octobre,Fosse Nord,Northern sector,sediment,FN8,1810FNprox8,N49°26.901,E0°10.743',2018-10-24T00:00:00Z,0.43402777777777773,0.792956,0.07156,7.92956,0.7156,6.607966666666667e-4,5.111428571428572e-5,12.927827464132662,85.35,5.210000000000001,4.16,4.96,0.33,0,0,NA,NA,NA,71.71817963744525,52.9,0.2375424388555764,0,0.9689498200326824,2.16800255576752,0.8487982085554308,0.99451742646948,1.2836420567154074,1.8645256472131724,2.577270791483673,0.967307169447183,3.5651988549213685,2.859608285592953,0.5972386919746967,1.0771421366289642,3.3681350882687338,3.0513378888566765,4.246345783382403,0.27721473348444653,0.93588628780048,1.770511964712061,1.129576534112716,0.376790804330567,0,0,0,0,0.058434459323274256,0.14901596557296826,0.06894319602205151,0.08795504891839108,0.0482482052440535,0.03979574534780723,0,0,0,0,0.04042742384539146,0.1029635951062314,0.04611253032364964,0,0,0.6694081440073889,0.056820984854125366,0,0,0,0.12684061151140416,0,0.03615607400458374,0,0.03675767257371159,0,0,Autumn,273.40767404086984,107.04228337454168,125.41899253798194,161.8806159125358,235.1360790779277,325.020655809865,121.98749608391675,449.6086611263889,360.6263507171839,75.31801158887714,135.83882795879774,424.7568702763752,384.8054480774061,535.508374157255,34.95966150510829,118.02499606541598,223.27997577571278,142.45135090884185,47.5172398380953,0,0,0,0,7.369193161193591,18.79246333629713,8.694454171738597,11.09204658497963,6.084600563468023,5.018657447299375,0,0,0,0,5.098318676621585,12.984780379520604,5.815269740521496,0,0,84.41933020336423,7.16571724712662,0,0,0,15.995920519096162,0,4.559657030728532,0,4.635524868178258,0,0,29.956572477612426,0,122.19465140974812,4282.589564833097,197.72593393013383,152.15122388736054,33.95905090971793,1.5678796566550322,1.2064922588882587,0.063841671003447,0.0249947565028248,0.02928578390230814,0.037799703534943975,0.054905116523136045,0.07589348708052807,0.028484517191567693,0.1049852324907328,0.08420754435085315,0.0175870254313788,0.03171885278810081,0.09918225032917181,0.08985345017352904,0.1250431231035153,0.008163206157363987,0.027559259246926152,0.05213667394354064,0.033262900577397156,0.01109544566873458,0,0,0,0,0.0372697350050069,0.09504298683923484,0.04397224986587126,0.056098086702672946,0.030772900865993675,0.025381887684357632,0,0,0,0,0.02578477479045854,0.06567059829444911,0.029410758745366774,0,0,0.42695122751673875,0.03624065444879181,0,0,0,0.08089945613683786,0,0.02306049054920474,0,0.023444192555015137,0,0,0.19688683214135466,0,0.8031131678586454,0.06384167100344701,0.024994756502824803,0.02928578390230814,0.03779970353494398,0.05490511652313605,0.07589348708052808,0.028484517191567697,0.10498523249073281,0.08420754435085316,0.017587025431378803,0.03171885278810082,0.09918225032917181,0.08985345017352905,0.1250431231035153,0.008163206157363987,0.027559259246926156,0.05213667394354064,0.033262900577397156,0.011095445668734582,0,0,0,0,0.0372697350050069,0.09504298683923484,0.04397224986587126,0.056098086702672946,0.030772900865993675,0.02538188768435763,0,0,0,0,0.02578477479045854,0.0656705982944491,0.029410758745366774,0,0,0.42695122751673875,0.036240654448791806,0,0,0,0.08089945613683786,0,0.02306049054920474,0,0.023444192555015134,0,0,0.19688683214135466,0,0.8031131678586454
2018,octobre,Fosse Nord,Northern sector,sediment,FN14,1810FN14,N49°27.152',E0°08.636',2018-10-24T00:00:00Z,0.4201388888888889,0.43257,0.05279,4.3257,0.5279,3.60475e-4,3.770714285714286e-5,9.559859821935973,71.08,14.01,12.940000000000001,2.01,0,0,0,NA,NA,NA,71.591394927236,50.09,0.34702762019946604,0,0.5489850868856172,2.854897086576323,1.11488943461078,1.2297327606974722,1.5478902942724009,2.263676979545457,2.973158377029857,1.2070705536386697,4.376898120442931,3.188185609980348,0.6784936460137029,1.1104173776452242,4.158854049164609,3.5366584245733486,4.918131195542291,0.31125960729444924,1.052217416321308,2.041243798721603,1.2920465678408966,0.4158216858244286,0,0,0,0,0.018345840574812235,0.047159346949942345,0.03680425224929363,0.048107595442712404,0,0.038600798799767626,0,0,0,0,0.03458352109662439,0.07213633440861553,0.01926297134674894,0,0,0.32017613769738834,0.04284264482172011,0,0,0,0.02765312854204777,0,0.028769696843007155,0,0,0,0,Autumn,659.9849935447032,257.73618942848094,284.28526266210605,357.8357940385142,523.3088239002836,687.3242196707716,279.04629392668693,1011.8358000885246,737.0334535405478,156.85175717541736,256.70235514372797,961.42914422281,817.5921641753586,1136.9561447955916,71.95589321831132,243.24789428793213,471.8875092404936,298.6907478190574,96.12818406834236,0,0,0,0,4.241126424581509,10.902130741831922,8.508276637143961,11.121343468736251,0,8.923595903499463,0,0,0,0,7.99489587734341,16.676222208802166,4.453145467033992,0,0,74.017185125503,9.904210837949952,0,0,0,6.392752281029145,0,6.650876584831855,0,0,0,0,80.2246157152521,0,126.91242732635578,9309.832624947661,169.78576155828662,207.13704304160788,40.2715429857361,0.7344422687726805,0.8960127070850832,0.07089117711699071,0.02768429893549562,0.030536022946352836,0.03843632946521699,0.05621033642409072,0.07382777407071114,0.02997328793848812,0.1086846392251024,0.07916720775038545,0.016847967465612644,0.027573251366070733,0.10327029313571737,0.08782028604729668,0.12212423043448468,0.00772902114539528,0.02612806310138144,0.05068700246833347,0.03208336388547443,0.010325447077399286,0,0,0,0,0.024979282041418714,0.06421110134190654,0.05011183834884241,0.06550221506600451,0,0.0525579755428198,0,0,0,0,0.0470881409840648,0.09821920316373113,0.026228026579868707,0,0,0.43594459538995717,0.05833357725082197,0,0,0,0.03765187505923189,0,0.039172169231332404,0,0,0,0,0.3873021191054527,0,0.6126978808945472,0.07089117711699072,0.02768429893549562,0.03053602294635284,0.03843632946521699,0.05621033642409072,0.07382777407071114,0.029973287938488122,0.1086846392251024,0.07916720775038545,0.016847967465612644,0.027573251366070736,0.10327029313571737,0.08782028604729669,0.12212423043448468,0.007729021145395279,0.026128063101381445,0.05068700246833348,0.03208336388547443,0.010325447077399288,0,0,0,0,0.024979282041418714,0.06421110134190654,0.050111838348842405,0.06550221506600451,0,0.052557975542819796,0,0,0,0,0.047088140984064795,0.09821920316373113,0.026228026579868703,0,0,0.4359445953899571,0.058333577250821965,0,0,0,0.037651875059231885,0,0.0391721692313324,0,0,0,0,0.38730211910545276,0,0.6126978808945474
2018,octobre,Fosse Nord,Northern sector,sediment,FNR8,1810FNproxR8,N49°26.553',E0°16.253',2018-10-25T00:00:00Z,0.6875,0.951245,0.11014,9.51245,1.1014,7.927041666666667e-4,7.867142857142857e-5,10.076137945644938,55.09,19.26,18.470000000000002,6.489999999999999,0.69,0,0,NA,NA,NA,62.02406589949842,47.8,0.5065339049676482,0,1.6566114219308734,3.3913415408318115,1.257873530740661,1.4419776615816222,1.888670247589256,2.533632689691401,3.3156345570047336,1.1730437138628682,5.248149554935672,3.7975265212922173,0.7381269157741194,1.230019894542405,4.5592515695479525,4.446210413440047,6.192511829438823,0.3282440938680534,1.0467351521734947,2.3806782600519205,1.5782121140927896,0.49692077644976246,0,0,0,0,0.0327247252857166,0.07480751059413826,0.038206903416944854,0.0572868949841072,0.03353143400481121,0.03975583193384802,0,0,0,0,0.03373222103478014,0.08633842288663963,0.044804191544495386,0,0,0.3393241483899924,0.06129741186337173,0.007629907138819317,0,0,0.04704268746616735,0,0.03683007806858647,0,0.03209724093360457,0,0,Autumn,356.5160963612752,132.23444336008717,151.5884616036481,198.5471931615153,266.3491203308718,348.55737028890917,123.31667592080572,551.7137598553131,399.21645015660715,77.59587864053104,129.3063190389863,479.2930916375858,467.40959620708105,650.990210664847,34.506787827326654,110.0384393267239,250.26972652176053,165.91016132466294,52.23898958204905,0,0,0,0,3.440199452897687,7.86416859948155,4.01651555771067,6.022307080101048,3.5250050202430727,4.17934726950975,0,0,0,0,3.5461128347355455,9.0763602317636,4.710058033891941,0,0,35.67158286140715,6.443914224345121,0.8020969507139926,0,0,4.945380786881125,0,3.8717762583337074,0,3.3742349167254044,0,0,53.24957345033595,0,174.1519190041339,4945.598771810587,101.48906007874136,227.40149245446986,47.04476103690961,0.9654096095460232,2.1631453268985217,0.07208754951844878,0.026737802531376004,0.030651184739790664,0.040146239580374825,0.05385578827159107,0.0704782952219357,0.024934630084368813,0.11155651424859327,0.08072156043715081,0.0156898855367766,0.026145735836076964,0.09691305618432049,0.09451021358046037,0.1316302111637979,0.006977271998693435,0.022249770837442753,0.0506045350763739,0.03354703221586314,0.01056272293656453,0,0,0,0,0.03389724419783346,0.07748784542274853,0.03957584743217066,0.05933947043581424,0.03473285709324887,0.041180273679420815,0,0,0,0,0.03494083827344796,0.08943190748561086,0.04640951478156949,0,0,0.35148204972763547,0.06349368315506658,0.007903284847565611,0,0,0.048728215465235356,0,0.03814969076794828,0,0.0332472772346839,0,0,0.2341654528102868,0,0.7658345471897132,0.07208754951844878,0.026737802531376004,0.03065118473979066,0.040146239580374825,0.05385578827159107,0.0704782952219357,0.024934630084368813,0.11155651424859327,0.08072156043715081,0.0156898855367766,0.026145735836076964,0.09691305618432049,0.09451021358046036,0.1316302111637979,0.006977271998693436,0.022249770837442756,0.0506045350763739,0.03354703221586314,0.01056272293656453,0,0,0,0,0.03389724419783346,0.07748784542274853,0.03957584743217065,0.05933947043581423,0.03473285709324887,0.04118027367942081,0,0,0,0,0.03494083827344796,0.08943190748561085,0.04640951478156948,0,0,0.3514820497276354,0.06349368315506658,0.00790328484756561,0,0,0.04872821546523535,0,0.03814969076794828,0,0.033247277234683896,0,0,0.23416545281028678,0,0.7658345471897131
2018,octobre,Fosse Sud,Southern sector,sediment,FS19,1810FS19,N49°24.865',E0°08.876',2018-10-24T00:00:00Z,0.47916666666666669,0.26345,0.04379,2.6345000000000005,0.4379,2.195416666666667e-4,3.127857142857143e-5,7.018916038669409,82.8,11.130000000000003,4.369999999999999,1.6099999999999999,0.07,0,0,NA,NA,NA,54.50833552325556,35.25,0,0,0,0.3478852312428734,0.21301877354670662,0.20422585709826813,0.24489574563442987,0.41828682507079146,0.6294212357862407,0.2017911809579106,0.8507516173320346,0.6985178663400802,0.16314320513800032,0.2484805300524822,0.8233452214820632,0.7497342466777119,1.2088449262596377,0.07505976753445175,0.1870435802857816,0.43106821190115047,0.34135244856112035,0.1007388252099593,0,0,0,0,0.026945755363106613,0.05720645134767111,0.0320737723197121,0,0,0,0.025231367558173515,0,0,0,0,0,0.02273125812607288,0,0,0.11685594519491942,0.021974646061095057,0,0,0,0.01633505767471853,0,0.004802841803772272,0,0,0,0,Autumn,132.0498125803277,80.85738225344717,77.5197787429372,92.9572008481419,158.77275576799823,238.91487408853314,76.59562761735076,322.92716543254295,265.14248105525905,61.925680447143776,94.31790854146219,312.52428220993096,284.58312646715194,458.8517465400028,28.49108655701337,70.99775300276393,163.62429755215425,129.57010763375223,38.23830905673155,0,0,0,0,10.228033920328945,21.714348585185462,12.174519764551942,0,0,0,9.577288881447528,0,0,0,0,0,8.628300674159375,0,0,44.35602398744331,8.34110687458533,0,0,0,6.200439428627265,0,1.8230562929482905,0,0,0,0,0,0,0,3088.861376394645,123.04311840927744,0,8.137605296111694,0.3241570954492415,0,0.042750320098358635,0.026177083527077816,0.025096554780784364,0.030094325876366332,0.05140170969838719,0.07734723089690654,0.02479736649974045,0.10454569696794463,0.0858382584215341,0.02004806072567237,0.030534846679183495,0.1011778270783757,0.09213204860598849,0.14855044970505601,0.00922381521383407,0.022985088792049753,0.052972366711755266,0.041947530771027336,0.01237941894995746,0,0,0,0,0.08312560712503653,0.17647755409576976,0.09894514965116476,0,0,0,0.07783685105891627,0,0,0,0,0,0.07012420349636393,0,0,0.3604917086049639,0.06779011278664417,0,0,0,0.05039241128465866,0,0.014816401896482105,0,0,0,0,NA,NA,NA,0.042750320098358635,0.026177083527077816,0.025096554780784368,0.030094325876366332,0.05140170969838719,0.07734723089690654,0.02479736649974045,0.10454569696794465,0.08583825842153411,0.02004806072567237,0.030534846679183495,0.10117782707837569,0.09213204860598849,0.14855044970505601,0.00922381521383407,0.022985088792049753,0.052972366711755266,0.04194753077102734,0.012379418949957461,0,0,0,0,0.08312560712503653,0.17647755409576976,0.09894514965116476,0,0,0,0.07783685105891627,0,0,0,0,0,0.07012420349636393,0,0,0.3604917086049639,0.06779011278664417,0,0,0,0.05039241128465866,0,0.014816401896482105,0,0,0,0,NA,NA,NA
2018,octobre,Fosse Sud,Southern sector,sediment,FS59,1810FS59,N49°24.535',E0°04.301',2018-10-24T00:00:00Z,0.52083333333333337,0.28245,0.0342,2.8245,0.342,2.35375e-4,2.442857142857143e-5,9.635233918128653,55.99,23.04,16.53,4.16,0.27999999999999997,0,0,NA,NA,NA,62.20872976099128,44.02,0.24899223489846595,0,0.8516286423498705,0.7405571025549166,0.44374437364831987,0.42053234354558794,0.48324766566474275,0.865190218077117,1.475254417124123,0.38322911227335293,1.7525062112712237,1.3769920186747675,0.3251930948661764,0.4972450514504513,1.6503002275118415,1.4224540494623985,2.302657891643274,0.14498606863057387,0.4716149944196241,0.906914875199801,0.6427961362825072,0.22471270932197837,0,0,0,0,0.02268868245672717,0.049028572165149484,0.03233732053011474,0,0,0,0,0,0,0,0,0.06214086472094528,0.023215725708691588,0,0,0.2203921257646409,0.028409967204224215,0,0,0,0.032704405614866344,0,0.013650720027893687,0,0,0,0,Autumn,262.19051249952787,157.10546066500967,148.88735830964345,171.0914022534051,306.31623936169836,522.3063965743045,135.68033714758468,620.4659979717555,487.5170892812064,115.13297747076524,176.04710619594664,584.2804841606802,503.6126923216139,815.2444296842888,51.331587406823814,166.97291358457218,321.08864407852747,227.57873474331993,79.55840301716351,0,0,0,0,8.032813757028562,17.358319052982644,11.448865473575761,0,0,0,0,0,0,0,0,22.0006601950594,8.21941076604411,0,0,78.02872216839826,10.058405807832965,0,0,0,11.57883009908527,0,4.832968676896331,0,0,0,0,88.15444676879657,0,301.5148317754896,5852.408766727837,171.5589959969033,389.66927854428616,16.530128561622778,0.48456838419325343,1.1006208772483363,0.04480044421882073,0.026844580911399584,0.02544035528688616,0.029234356155382613,0.0523401989798064,0.08924639706367148,0.023183674031615094,0.10601890993999497,0.08330195458199068,0.019672750496397346,0.03008113636846611,0.09983589790966695,0.08605220728681102,0.13930066442370245,0.008771018815133792,0.02853063076076435,0.054864357032609085,0.038886336176166034,0.013594129560715172,0,0,0,0,0.046822457256473785,0.10117988247783852,0.0667342764921661,0,0,0,0,0,0,0,0,0.12823961848935347,0.04791011231024267,0,0,0.45482151323505476,0.05862942802494906,0,0,0,0.06749182712222374,0,0.028170884591697937,0,0,0,0,0.2262288859366104,0,0.7737711140633896,0.04480044421882073,0.026844580911399584,0.02544035528688616,0.02923435615538261,0.05234019897980639,0.08924639706367148,0.023183674031615094,0.10601890993999497,0.08330195458199068,0.019672750496397343,0.030081136368466106,0.09983589790966695,0.08605220728681101,0.13930066442370245,0.008771018815133792,0.028530630760764345,0.054864357032609085,0.038886336176166034,0.013594129560715172,0,0,0,0,0.04682245725647378,0.10117988247783852,0.0667342764921661,0,0,0,0,0,0,0,0,0.12823961848935347,0.04791011231024266,0,0,0.4548215132350547,0.05862942802494906,0,0,0,0.06749182712222372,0,0.028170884591697934,0,0,0,0,0.2262288859366104,0,0.7737711140633896
